-- phpMyAdmin SQL Dump
-- version 5.1.1
-- https://www.phpmyadmin.net/
--
-- Host: 127.0.0.1
-- Generation Time: Jun 08, 2022 at 12:41 PM
-- Server version: 10.4.22-MariaDB
-- PHP Version: 7.4.27

SET SQL_MODE = "NO_AUTO_VALUE_ON_ZERO";
START TRANSACTION;
SET time_zone = "+00:00";


/*!40101 SET @OLD_CHARACTER_SET_CLIENT=@@CHARACTER_SET_CLIENT */;
/*!40101 SET @OLD_CHARACTER_SET_RESULTS=@@CHARACTER_SET_RESULTS */;
/*!40101 SET @OLD_COLLATION_CONNECTION=@@COLLATION_CONNECTION */;
/*!40101 SET NAMES utf8mb4 */;

--
-- Database: `tms_db`
--

-- --------------------------------------------------------

--
-- Table structure for table `attendance`
--

CREATE TABLE `attendance` (
  `atn_user_id` int(11) NOT NULL,
  `int_time` mediumtext DEFAULT NULL,
  `out_time` mediumtext DEFAULT NULL,
  `total_duration` mediumtext DEFAULT NULL
) ENGINE=InnoDB DEFAULT CHARSET=utf8mb4;

--
-- Dumping data for table `attendance`
--

INSERT INTO `attendance` (`atn_user_id`, `int_time`, `out_time`, `total_duration`) VALUES
(1, '10:00', '11:00', NULL),
(3, '22', '22', NULL);

-- --------------------------------------------------------

--
-- Table structure for table `project_list`
--

CREATE TABLE `project_list` (
  `id` int(30) NOT NULL,
  `name` varchar(200) NOT NULL,
  `description` text NOT NULL,
  `status` tinyint(2) NOT NULL,
  `start_date` date NOT NULL,
  `end_date` date NOT NULL,
  `manager_id` int(30) NOT NULL,
  `user_ids` text NOT NULL,
  `date_created` datetime NOT NULL DEFAULT current_timestamp()
) ENGINE=InnoDB DEFAULT CHARSET=utf8mb4;

--
-- Dumping data for table `project_list`
--

INSERT INTO `project_list` (`id`, `name`, `description`, `status`, `start_date`, `end_date`, `manager_id`, `user_ids`, `date_created`) VALUES
(1, 'Stage 2', '														&lt;span style=&quot;color: rgb(0, 0, 0); font-family: &amp;quot;Open Sans&amp;quot;, Arial, sans-serif; font-size: 14px; text-align: justify;&quot;&gt;Lorem ipsum dolor sit amet, consectetur adipiscing elit. In elementum, metus vitae malesuada mollis, urna nisi luctus ligula, vitae volutpat massa eros eu ligula. Nunc dui metus, iaculis id dolor non, luctus tristique libero. Aenean et sagittis sem. Nulla facilisi. Mauris at placerat augue. Nullam porttitor felis turpis, ac varius eros placerat et. Nunc ut enim scelerisque, porta lacus vitae, viverra justo. Nam mollis turpis nec dolor feugiat, sed bibendum velit placerat. Etiam in hendrerit leo. Nullam mollis lorem massa, sit amet tincidunt dolor lacinia at.&lt;/span&gt;												', 0, '2020-11-03', '2021-01-20', 0, '3,4,5', '2020-12-03 09:56:56'),
(2, 'Stage Master', '						Sample Only					', 0, '2020-12-02', '2020-12-31', 0, '3', '2020-12-03 13:51:54'),
(3, 'Stage 1', '																																	', 5, '0000-00-00', '0000-00-00', 0, '4,5', '2022-05-25 13:11:32'),
(4, 'Stage initiation', '						hdzada					', 0, '2022-04-27', '2022-05-07', 0, '3,5', '2022-05-26 22:02:58'),
(5, 'stage fin detudes', '&lt;p&gt;stage de fin d&amp;#x2019;etudes&lt;/p&gt;&lt;p&gt;&lt;br&gt;&lt;/p&gt;', 0, '2022-05-27', '2022-12-07', 2, '3,4,6', '2022-05-27 14:48:45');

-- --------------------------------------------------------

--
-- Table structure for table `system_settings`
--

CREATE TABLE `system_settings` (
  `id` int(30) NOT NULL,
  `name` text NOT NULL,
  `email` varchar(200) NOT NULL,
  `contact` varchar(20) NOT NULL,
  `address` text NOT NULL,
  `cover_img` text NOT NULL
) ENGINE=InnoDB DEFAULT CHARSET=utf8mb4;

--
-- Dumping data for table `system_settings`
--

INSERT INTO `system_settings` (`id`, `name`, `email`, `contact`, `address`, `cover_img`) VALUES
(1, 'Application du gestion des stagiaires', 'info@sample.comm', '069441149', 'test', '');

-- --------------------------------------------------------

--
-- Table structure for table `task_list`
--

CREATE TABLE `task_list` (
  `id` int(30) NOT NULL,
  `project_id` int(30) NOT NULL,
  `task` varchar(200) NOT NULL,
  `description` text NOT NULL,
  `status` tinyint(4) NOT NULL,
  `date_created` datetime NOT NULL DEFAULT current_timestamp()
) ENGINE=InnoDB DEFAULT CHARSET=utf8mb4;

--
-- Dumping data for table `task_list`
--

INSERT INTO `task_list` (`id`, `project_id`, `task`, `description`, `status`, `date_created`) VALUES
(1, 1, 'Sample Task 1', '								&lt;span style=&quot;color: rgb(0, 0, 0); font-family: &amp;quot;Open Sans&amp;quot;, Arial, sans-serif; font-size: 14px; text-align: justify;&quot;&gt;Fusce ullamcorper mattis semper. Nunc vel risus ipsum. Sed maximus dapibus nisl non laoreet. Pellentesque quis mauris odio. Donec fermentum facilisis odio, sit amet aliquet purus scelerisque eget.&amp;nbsp;&lt;/span&gt;													', 3, '2020-12-03 11:08:58'),
(2, 1, 'Sample Task 2', 'Sample Task 2							', 1, '2020-12-03 13:50:15'),
(3, 2, 'Task Test', 'Sample', 1, '2020-12-03 13:52:25'),
(4, 2, 'test 23', 'Sample test 23', 1, '2020-12-03 13:52:40'),
(5, 3, 'afficher les donner', '														', 3, '2022-05-26 22:03:53'),
(6, 5, 'design', '							', 1, '2022-05-27 14:49:16'),
(7, 5, 'codage', '														', 3, '2022-05-27 14:49:24');

-- --------------------------------------------------------

--
-- Table structure for table `users`
--

CREATE TABLE `users` (
  `id` int(30) NOT NULL,
  `firstname` varchar(200) NOT NULL,
  `lastname` varchar(200) NOT NULL,
  `email` varchar(200) NOT NULL,
  `password` text NOT NULL,
  `type` tinyint(1) NOT NULL DEFAULT 2 COMMENT '1 = admin, 2 = staff',
  `avatar` text NOT NULL DEFAULT 'no-image-available.png',
  `date_created` datetime NOT NULL DEFAULT current_timestamp()
) ENGINE=InnoDB DEFAULT CHARSET=utf8mb4;

--
-- Dumping data for table `users`
--

INSERT INTO `users` (`id`, `firstname`, `lastname`, `email`, `password`, `type`, `avatar`, `date_created`) VALUES
(1, 'Administrateur', '', 'admin@admin.com', '21232f297a57a5a743894a0e4a801fc3', 1, 'no-image-available.png', '2020-11-26 10:57:04'),
(3, 'Claire', 'Blake', 'cblake@sample.com', '4744ddea876b11dcb1d169fadf494418', 3, '1606958760_47446233-clean-noir-et-gradient-sombre-image-de-fond-abstrait-.jpg', '2020-12-03 09:26:42'),
(4, 'George', 'Wilson', 'gwilson@sample.com', 'd40242fb23c45206fadee4e2418f274f', 3, '1606963560_avatar.jpg', '2020-12-03 10:46:41'),
(5, 'Mike', 'Williams', 'mwilliams@sample.com', '3cc93e9a6741d8b40460457139cf8ced', 3, '1606963620_47446233-clean-noir-et-gradient-sombre-image-de-fond-abstrait-.jpg', '2020-12-03 10:47:06'),
(6, 'karim', 'izmz', 'karim@gmail.com', '202cb962ac59075b964b07152d234b70', 3, 'no-image-available.png', '2022-05-25 13:10:23');

-- --------------------------------------------------------

--
-- Table structure for table `user_productivity`
--

CREATE TABLE `user_productivity` (
  `id` int(30) NOT NULL,
  `project_id` int(30) NOT NULL,
  `task_id` int(30) NOT NULL,
  `comment` text NOT NULL,
  `subject` varchar(200) NOT NULL,
  `date` date NOT NULL,
  `start_time` time NOT NULL,
  `end_time` time NOT NULL,
  `user_id` int(30) NOT NULL,
  `time_rendered` float NOT NULL,
  `date_created` datetime NOT NULL DEFAULT current_timestamp()
) ENGINE=InnoDB DEFAULT CHARSET=utf8mb4;

--
-- Dumping data for table `user_productivity`
--

INSERT INTO `user_productivity` (`id`, `project_id`, `task_id`, `comment`, `subject`, `date`, `start_time`, `end_time`, `user_id`, `time_rendered`, `date_created`) VALUES
(1, 1, 1, '							&lt;p&gt;Sample Progress&lt;/p&gt;&lt;ul&gt;&lt;li&gt;Test 1&lt;/li&gt;&lt;li&gt;Test 2&lt;/li&gt;&lt;li&gt;Test 3&lt;/li&gt;&lt;/ul&gt;																			', 'Sample Progress', '2020-12-03', '08:00:00', '10:00:00', 1, 2, '2020-12-03 12:13:28'),
(2, 1, 1, '							Sample Progress						', 'Sample Progress 2', '2020-12-03', '13:00:00', '14:00:00', 1, 1, '2020-12-03 13:48:28'),
(3, 1, 2, '							Sample						', 'Test', '2020-12-03', '08:00:00', '09:00:00', 5, 1, '2020-12-03 13:57:22'),
(4, 1, 2, 'asdasdasd', 'Sample Progress', '2020-12-02', '08:00:00', '10:00:00', 2, 2, '2020-12-03 14:36:30'),
(5, 5, 7, '													', 'hhhhhhhhhhhh', '0000-00-00', '00:00:00', '00:00:00', 6, 0, '2022-06-02 11:32:13'),
(6, 3, 5, '													', 'oui', '0000-00-00', '00:00:00', '00:00:00', 1, 0, '2022-06-05 15:35:34');

--
-- Indexes for dumped tables
--

--
-- Indexes for table `project_list`
--
ALTER TABLE `project_list`
  ADD PRIMARY KEY (`id`);

--
-- Indexes for table `system_settings`
--
ALTER TABLE `system_settings`
  ADD PRIMARY KEY (`id`);

--
-- Indexes for table `task_list`
--
ALTER TABLE `task_list`
  ADD PRIMARY KEY (`id`);

--
-- Indexes for table `users`
--
ALTER TABLE `users`
  ADD PRIMARY KEY (`id`);

--
-- Indexes for table `user_productivity`
--
ALTER TABLE `user_productivity`
  ADD PRIMARY KEY (`id`);

--
-- AUTO_INCREMENT for dumped tables
--

--
-- AUTO_INCREMENT for table `project_list`
--
ALTER TABLE `project_list`
  MODIFY `id` int(30) NOT NULL AUTO_INCREMENT, AUTO_INCREMENT=6;

--
-- AUTO_INCREMENT for table `system_settings`
--
ALTER TABLE `system_settings`
  MODIFY `id` int(30) NOT NULL AUTO_INCREMENT, AUTO_INCREMENT=2;

--
-- AUTO_INCREMENT for table `task_list`
--
ALTER TABLE `task_list`
  MODIFY `id` int(30) NOT NULL AUTO_INCREMENT, AUTO_INCREMENT=8;

--
-- AUTO_INCREMENT for table `users`
--
ALTER TABLE `users`
  MODIFY `id` int(30) NOT NULL AUTO_INCREMENT, AUTO_INCREMENT=7;

--
-- AUTO_INCREMENT for table `user_productivity`
--
ALTER TABLE `user_productivity`
  MODIFY `id` int(30) NOT NULL AUTO_INCREMENT, AUTO_INCREMENT=7;
COMMIT;

/*!40101 SET CHARACTER_SET_CLIENT=@OLD_CHARACTER_SET_CLIENT */;
/*!40101 SET CHARACTER_SET_RESULTS=@OLD_CHARACTER_SET_RESULTS */;
/*!40101 SET COLLATION_CONNECTION=@OLD_COLLATION_CONNECTION */;
